event,macro_geo,actor_type,alignment_content,n
venezuela,PLATFORM,NATIONAL,none,20794
gaza,PLATFORM,NATIONAL,none,16741
ukraine,PLATFORM,NATIONAL,none,11005
venezuela,PLATFORM,NATIONAL,int,2124
venezuela,ASIA,NATIONAL,none,1780
gaza,PLATFORM,NATIONAL,int,1687
gaza,ASIA,NATIONAL,none,1469
venezuela,PLATFORM,NATIONAL,other,1284
gaza,PLATFORM,NATIONAL,other,1074
ukraine,PLATFORM,NATIONAL,int,887
venezuela,PLATFORM,PLATFORM,none,544
ukraine,PLATFORM,NATIONAL,other,485
gaza,PLATFORM,PLATFORM,none,424
venezuela,US,NATIONAL,none,332
ukraine,ASIA,NATIONAL,none,279
gaza,US,NATIONAL,none,250
venezuela,ASIA,PLATFORM,none,221
gaza,ASIA,PLATFORM,none,197
venezuela,EU,PLATFORM,none,192
venezuela,ASIA,NATIONAL,other,191
ukraine,US,NATIONAL,none,189
gaza,EU,PLATFORM,none,172
ukraine,ASIA,PLATFORM,none,168
gaza,ASIA,NATIONAL,other,161
ukraine,PLATFORM,PLATFORM,none,145
venezuela,AFRICA,PLATFORM,none,124
venezuela,ASIA,NATIONAL,int,95
venezuela,PLATFORM,FIN,none,85
gaza,AFRICA,PLATFORM,none,83
gaza,PLATFORM,FIN,none,83
gaza,ASIA,NATIONAL,int,74
ukraine,EU,PLATFORM,none,70
venezuela,PLATFORM,NATIONAL,mil,69
ukraine,AFRICA,NATIONAL,none,65
gaza,PLATFORM,NATIONAL,mil,63
venezuela,PLATFORM,NATIONAL,community,63
gaza,PLATFORM,NATIONAL,community,56
ukraine,EU,NATIONAL,none,56
ukraine,PLATFORM,NATIONAL,community,56
venezuela,PLATFORM,PLATFORM,other,45
venezuela,AFRICA,NATIONAL,none,44
venezuela,PLATFORM,PLATFORM,int,41
ukraine,PLATFORM,NATIONAL,mil,39
gaza,PLATFORM,PLATFORM,int,37
venezuela,US,NATIONAL,other,37
ukraine,PLATFORM,FIN,none,36
venezuela,PLATFORM,NATIONAL,finance,36
gaza,PLATFORM,PLATFORM,other,35
gaza,AFRICA,NATIONAL,none,33
venezuela,EU,NATIONAL,none,33
gaza,EU,NATIONAL,none,30
gaza,US,NATIONAL,other,30
ukraine,AFRICA,PLATFORM,none,26
venezuela,EU,PLATFORM,other,25
ukraine,ASIA,STATE,none,24
ukraine,ASIA,NATIONAL,other,23
ukraine,PLATFORM,STATE,none,23
gaza,EU,PLATFORM,other,21
venezuela,US,NATIONAL,int,21
ukraine,US,NATIONAL,other,20
venezuela,ASIA,NATIONAL,state,19
venezuela,ASIA,PLATFORM,other,19
gaza,ASIA,PLATFORM,other,18
venezuela,ASIA,PLATFORM,int,18
ukraine,PLATFORM,GOV,none,17
gaza,ASIA,PLATFORM,int,16
gaza,US,NATIONAL,int,16
ukraine,ASIA,PLATFORM,other,16
gaza,ASIA,NATIONAL,state,14
ukraine,US,NATIONAL,int,13
venezuela,EU,PLATFORM,int,13
venezuela,PLATFORM,NATIONAL,state,13
gaza,EU,PLATFORM,int,12
gaza,LATAM,PLATFORM,none,12
gaza,PLATFORM,NATIONAL,state,12
venezuela,ASIA,STATE,none,12
venezuela,LATAM,PLATFORM,none,12
venezuela,PLATFORM,GOV,none,12
gaza,ASIA,STATE,none,11
venezuela,AFRICA,PLATFORM,other,11
venezuela,ASIA,NATIONAL,finance,11
ukraine,PLATFORM,PLATFORM,int,10
gaza,PLATFORM,GOV,none,8
ukraine,AFRICA,NATIONAL,other,8
ukraine,LATAM,PLATFORM,none,8
gaza,AFRICA,PLATFORM,other,7
ukraine,ASIA,NATIONAL,int,7
ukraine,MENA,PLATFORM,none,7
gaza,PLATFORM,NATIONAL,finance,6
gaza,PLATFORM,NATIONAL,gov,6
ukraine,ASIA,PLATFORM,int,6
ukraine,PLATFORM,STATE,other,6
venezuela,PLATFORM,NATIONAL,gov,6
venezuela,PLATFORM,STATE,none,6
gaza,MENA,STATE,other,5
ukraine,MENA,NATIONAL,none,5
ukraine,PLATFORM,NATIONAL,finance,5
ukraine,PLATFORM,PLATFORM,other,5
venezuela,AFRICA,NATIONAL,other,5
venezuela,MENA,PLATFORM,none,5
venezuela,MENA,STATE,other,5
gaza,ASIA,NATIONAL,mil,4
gaza,LATAM,NATIONAL,none,4
gaza,MENA,PLATFORM,none,4
gaza,MENA,STATE,int,4
gaza,MENA,STATE,none,4
gaza,PLATFORM,STATE,none,4
gaza,PLATFORM,STATE,other,4
ukraine,ASIA,NATIONAL,community,4
ukraine,EU,NATIONAL,other,4
venezuela,AFRICA,NATIONAL,state,4
venezuela,ASIA,NATIONAL,mil,4
venezuela,LATAM,NATIONAL,none,4
venezuela,MENA,STATE,int,4
venezuela,MENA,STATE,none,4
venezuela,PLATFORM,STATE,other,4
gaza,AFRICA,NATIONAL,other,3
gaza,AFRICA,NATIONAL,state,3
gaza,ASIA,PLATFORM,mil,3
gaza,EU,NATIONAL,int,3
ukraine,EU,NATIONAL,int,3
ukraine,EU,PLATFORM,int,3
ukraine,PLATFORM,NATIONAL,gov,3
venezuela,ASIA,PLATFORM,mil,3
venezuela,EU,NATIONAL,int,3
venezuela,EU,NATIONAL,other,3
venezuela,PLATFORM,PLATFORM,mil,3
venezuela,US,NATIONAL,community,3
gaza,PLATFORM,FIN,int,2
gaza,PLATFORM,FIN,other,2
gaza,PLATFORM,PLATFORM,mil,2
gaza,US,NATIONAL,community,2
gaza,US,NATIONAL,mil,2
ukraine,AFRICA,NATIONAL,community,2
ukraine,AFRICA,PLATFORM,other,2
ukraine,ASIA,PLATFORM,community,2
ukraine,EU,PLATFORM,other,2
ukraine,LATAM,PLATFORM,other,2
ukraine,PLATFORM,NATIONAL,state,2
ukraine,PLATFORM,STATE,int,2
venezuela,ASIA,NATIONAL,community,2
venezuela,PLATFORM,FIN,int,2
venezuela,PLATFORM,FIN,other,2
venezuela,US,NATIONAL,mil,2
gaza,AFRICA,NATIONAL,int,1
gaza,ASIA,NATIONAL,community,1
gaza,ASIA,PLATFORM,community,1
gaza,EU,NATIONAL,other,1
gaza,EU,PLATFORM,mil,1
gaza,LATAM,PLATFORM,int,1
gaza,MENA,PLATFORM,int,1
gaza,MENA,STATE,community,1
gaza,MENA,STATE,mil,1
gaza,PLATFORM,GOV,other,1
gaza,PLATFORM,STATE,int,1
ukraine,AFRICA,NATIONAL,int,1
ukraine,ASIA,NATIONAL,mil,1
ukraine,ASIA,PLATFORM,mil,1
ukraine,MENA,PLATFORM,other,1
ukraine,PLATFORM,FIN,int,1
ukraine,PLATFORM,STATE,mil,1
ukraine,US,NATIONAL,community,1
venezuela,AFRICA,NATIONAL,community,1
venezuela,AFRICA,NATIONAL,int,1
venezuela,AFRICA,PLATFORM,community,1
venezuela,ASIA,PLATFORM,community,1
venezuela,EU,PLATFORM,mil,1
venezuela,LATAM,PLATFORM,int,1
venezuela,MENA,PLATFORM,int,1
venezuela,MENA,STATE,community,1
venezuela,MENA,STATE,mil,1
venezuela,PLATFORM,GOV,other,1
venezuela,PLATFORM,STATE,int,1
